Weekday,Date,Year,Subscription,Spend,Platform,Customer
Wednesday, July 6,2022,11,4410,Twitter,LAT
Thursday, July 7,2022,186,5561,Twitter,LAT
Friday, July 8,2022,37,5283,Twitter,LAT
Saturday, July 9,2022,110,5625,Twitter,LAT
Sunday, July 10,2022,79,5676,Twitter,LAT
Monday, July 11,2022,200,5832,Twitter,LAT
Tuesday, July 12,2022,165,5622,Twitter,LAT
Wednesday, July 13,2022,169,4990,Twitter,LAT
Thursday, July 14,2022,189,5086,Twitter,LAT
Friday, July 15,2022,48,5776,Twitter,LAT
Saturday, July 16,2022,171,4657,Twitter,LAT
Sunday, July 17,2022,17,5796,Twitter,LAT
Monday, July 18,2022,164,5583,Twitter,LAT
Tuesday, July 19,2022,51,5536,Twitter,LAT
Wednesday, July 20,2022,75,5440,Twitter,LAT
Thursday, July 21,2022,113,6076,Twitter,LAT
Friday, July 22,2022,128,4922,Twitter,LAT
Saturday, July 23,2022,40,4531,Twitter,LAT
Sunday, July 24,2022,37,5268,Twitter,LAT
Monday, July 25,2022,141,6119,Twitter,LAT
Tuesday, July 26,2022,194,5774,Twitter,LAT
Wednesday, July 27,2022,79,4869,Twitter,LAT
Thursday, July 28,2022,27,4185,Twitter,LAT
Friday, July 29,2022,164,4366,Twitter,LAT
Saturday, July 30,2022,37,5404,Twitter,LAT
Sunday, July 31,2022,81,5388,Twitter,LAT
Monday, August 1,2022,155,4356,Twitter,LAT
Tuesday, August 2,2022,161,5910,Twitter,LAT
Wednesday, August 3,2022,73,5206,Twitter,LAT
Thursday, August 4,2022,68,5971,Twitter,LAT
Friday, August 5,2022,105,4945,Twitter,LAT
Saturday, August 6,2022,160,5837,Twitter,LAT
Sunday, August 7,2022,34,4466,Twitter,LAT
Monday, August 8,2022,143,4159,Twitter,LAT
Tuesday, August 9,2022,114,5965,Twitter,LAT
Wednesday, August 10,2022,121,5332,Twitter,LAT
Thursday, August 11,2022,12,5858,Twitter,LAT
Friday, August 12,2022,22,5623,Twitter,LAT
Saturday, August 13,2022,181,4368,Twitter,LAT
Sunday, August 14,2022,171,5087,Twitter,LAT
Monday, August 15,2022,49,4456,Twitter,LAT
Tuesday, August 16,2022,165,4682,Twitter,LAT
Wednesday, August 17,2022,57,4802,Twitter,LAT
Thursday, August 18,2022,171,5355,Twitter,LAT
Friday, August 19,2022,176,4945,Twitter,LAT
Saturday, August 20,2022,42,4182,Twitter,LAT
Sunday, August 21,2022,52,5672,Twitter,LAT
Monday, August 22,2022,65,5591,Twitter,LAT
Tuesday, August 23,2022,121,4202,Twitter,LAT
Wednesday, August 24,2022,195,4326,Twitter,LAT
Thursday, August 25,2022,111,5739,Twitter,LAT
Friday, August 26,2022,145,5601,Twitter,LAT
Saturday, August 27,2022,169,4470,Twitter,LAT
Sunday, August 28,2022,75,5890,Twitter,LAT
Monday, August 29,2022,143,4681,Twitter,LAT
Tuesday, August 30,2022,32,5893,Twitter,LAT
Wednesday, August 31,2022,52,4066,Twitter,LAT
Thursday, September 1,2022,75,4746,Twitter,LAT
Friday, September 2,2022,10,4336,Twitter,LAT
Saturday, September 3,2022,120,5722,Twitter,LAT
Sunday, September 4,2022,190,4906,Twitter,LAT
Monday, September 5,2022,119,5627,Twitter,LAT
Tuesday, September 6,2022,146,5997,Twitter,LAT
Wednesday, September 7,2022,98,4125,Twitter,LAT
Thursday, September 8,2022,64,4858,Twitter,LAT
Friday, September 9,2022,159,4232,Twitter,LAT
Saturday, September 10,2022,150,4147,Twitter,LAT
Sunday, September 11,2022,197,5982,Twitter,LAT
Monday, September 12,2022,90,6005,Twitter,LAT
Tuesday, September 13,2022,134,5291,Twitter,LAT
Wednesday, September 14,2022,78,4970,Twitter,LAT
Thursday, September 15,2022,141,4151,Twitter,LAT
Friday, September 16,2022,153,5599,Twitter,LAT
Saturday, September 17,2022,178,4335,Twitter,LAT
Sunday, September 18,2022,4,4725,Twitter,LAT
Monday, September 19,2022,45,5767,Twitter,LAT
Tuesday, September 20,2022,81,5305,Twitter,LAT
Wednesday, September 21,2022,55,4867,Twitter,LAT
Thursday, September 22,2022,178,4052,Twitter,LAT
Friday, September 23,2022,119,5084,Twitter,LAT
Saturday, September 24,2022,198,5485,Twitter,LAT
Sunday, September 25,2022,183,5161,Twitter,LAT
Monday, September 26,2022,191,4985,Twitter,LAT
Tuesday, September 27,2022,134,5886,Twitter,LAT
Wednesday, September 28,2022,69,4651,Twitter,LAT
Thursday, September 29,2022,128,5927,Twitter,LAT
Friday, September 30,2022,39,5308,Twitter,LAT
Saturday, October 1,2022,158,4582,Twitter,LAT
Sunday, October 2,2022,124,4592,Twitter,LAT
Monday, October 3,2022,8,5431,Twitter,LAT
Tuesday, October 4,2022,194,5084,Twitter,LAT
Wednesday, October 5,2022,4,4286,Twitter,LAT
Saturday, October 29,2022,43,4528,Twitter,LAT
Sunday, October 30,2022,100,5370,Twitter,LAT
Monday, October 31,2022,144,6170,Twitter,LAT
Tuesday, November 1,2022,72,4895,Twitter,LAT
Wednesday, November 2,2022,42,5299,Twitter,LAT
Thursday, November 3,2022,129,4922,Twitter,LAT
Friday, November 4,2022,42,5318,Twitter,LAT
Saturday, November 5,2022,142,4945,Twitter,LAT
Sunday, November 6,2022,93,5724,Twitter,LAT
Monday, November 7,2022,89,5489,Twitter,LAT
Tuesday, November 8,2022,61,6008,Twitter,LAT
Wednesday, November 9,2022,35,5644,Twitter,LAT
Thursday, November 10,2022,195,5716,Twitter,LAT
Friday, November 11,2022,172,5645,Twitter,LAT
Saturday, November 12,2022,107,6017,Twitter,LAT
Sunday, November 13,2022,166,4657,Twitter,LAT
Monday, November 14,2022,172,5314,Twitter,LAT
Tuesday, November 15,2022,100,5039,Twitter,LAT
Wednesday, November 16,2022,182,5484,Twitter,LAT
Thursday, November 17,2022,72,5665,Twitter,LAT
Friday, November 18,2022,141,4313,Twitter,LAT
Saturday, November 19,2022,17,4643,Twitter,LAT
Sunday, November 20,2022,112,5016,Twitter,LAT
Monday, November 21,2022,118,4855,Twitter,LAT
Tuesday, November 22,2022,62,5001,Twitter,LAT
Wednesday, November 23,2022,27,6146,Twitter,LAT
Thursday, November 24,2022,50,5622,Twitter,LAT
Friday, November 25,2022,89,5314,Twitter,LAT
Saturday, November 26,2022,62,5445,Twitter,LAT
Sunday, November 27,2022,98,4823,Twitter,LAT
Monday, November 28,2022,70,5747,Twitter,LAT
Tuesday, November 29,2022,55,4599,Twitter,LAT
Wednesday, November 30,2022,73,5958,Twitter,LAT
Thursday, December 1,2022,184,4522,Twitter,LAT
Friday, December 2,2022,39,5261,Twitter,LAT
Saturday, December 3,2022,94,4374,Twitter,LAT
Sunday, December 4,2022,25,4530,Twitter,LAT
Monday, December 5,2022,109,5214,Twitter,LAT
Tuesday, December 6,2022,76,4896,Twitter,LAT
Wednesday, December 7,2022,196,4968,Twitter,LAT
Thursday, December 8,2022,56,4286,Twitter,LAT
Friday, December 9,2022,196,4599,Twitter,LAT
Saturday, December 10,2022,8,5835,Twitter,LAT
Sunday, December 11,2022,55,5186,Twitter,LAT
Monday, December 12,2022,97,5564,Twitter,LAT
Tuesday, December 13,2022,124,4706,Twitter,LAT
Wednesday, December 14,2022,133,4866,Twitter,LAT
Thursday, December 15,2022,107,6049,Twitter,LAT
Friday, December 16,2022,106,4223,Twitter,LAT
Saturday, December 17,2022,67,4282,Twitter,LAT
Sunday, December 18,2022,180,4850,Twitter,LAT
Monday, December 19,2022,107,5241,Twitter,LAT
Tuesday, December 20,2022,71,5879,Twitter,LAT
Thursday, July 7,2022,160,5910,Snapchat,LAT
Friday, July 8,2022,145,5692,Snapchat,LAT
Saturday, July 9,2022,170,4436,Snapchat,LAT
Sunday, July 10,2022,143,6031,Snapchat,LAT
Monday, July 11,2022,87,4592,Snapchat,LAT
Tuesday, July 12,2022,111,5668,Snapchat,LAT
Wednesday, July 13,2022,45,5886,Snapchat,LAT
Thursday, July 14,2022,183,5183,Snapchat,LAT
Friday, July 15,2022,200,6145,Snapchat,LAT
Saturday, July 16,2022,102,5640,Snapchat,LAT
Sunday, July 17,2022,37,5941,Snapchat,LAT
Monday, July 18,2022,1,5503,Snapchat,LAT
Tuesday, July 19,2022,200,4642,Snapchat,LAT
Wednesday, July 20,2022,123,5239,Snapchat,LAT
Thursday, July 21,2022,129,5317,Snapchat,LAT
Friday, July 22,2022,98,4417,Snapchat,LAT
Saturday, July 23,2022,156,6044,Snapchat,LAT
Sunday, July 24,2022,97,4903,Snapchat,LAT
Monday, July 25,2022,168,4690,Snapchat,LAT
Tuesday, July 26,2022,45,4738,Snapchat,LAT
Wednesday, July 27,2022,26,5238,Snapchat,LAT
Thursday, July 28,2022,78,4339,Snapchat,LAT
Friday, July 29,2022,188,5687,Snapchat,LAT
Saturday, July 30,2022,112,5365,Snapchat,LAT
Sunday, July 31,2022,8,4773,Snapchat,LAT
Monday, August 1,2022,141,4386,Snapchat,LAT
Tuesday, August 2,2022,46,5933,Snapchat,LAT
Wednesday, August 3,2022,17,5671,Snapchat,LAT
Thursday, August 4,2022,142,4365,Snapchat,LAT
Friday, August 5,2022,74,4593,Snapchat,LAT
Saturday, August 6,2022,8,6266,Snapchat,LAT
Sunday, August 7,2022,161,5502,Snapchat,LAT
Monday, August 8,2022,99,6152,Snapchat,LAT
Tuesday, August 9,2022,168,5621,Snapchat,LAT
Wednesday, August 10,2022,28,5962,Snapchat,LAT
Thursday, August 11,2022,68,5892,Snapchat,LAT
Friday, August 12,2022,175,4299,Snapchat,LAT
Saturday, August 13,2022,169,4914,Snapchat,LAT
Sunday, August 14,2022,162,5230,Snapchat,LAT
Monday, August 15,2022,143,5565,Snapchat,LAT
Tuesday, August 16,2022,32,5167,Snapchat,LAT
Wednesday, August 17,2022,151,4796,Snapchat,LAT
Thursday, August 18,2022,49,4592,Snapchat,LAT
Friday, August 19,2022,189,4477,Snapchat,LAT
Saturday, August 20,2022,160,5996,Snapchat,LAT
Sunday, August 21,2022,166,4779,Snapchat,LAT
Monday, August 22,2022,84,6241,Snapchat,LAT
Tuesday, August 23,2022,125,5665,Snapchat,LAT
Wednesday, August 24,2022,196,6047,Snapchat,LAT
Thursday, August 25,2022,72,4760,Snapchat,LAT
Friday, August 26,2022,193,4824,Snapchat,LAT
Saturday, August 27,2022,173,5195,Snapchat,LAT
Sunday, August 28,2022,25,4632,Snapchat,LAT
Monday, August 29,2022,10,5630,Snapchat,LAT
Tuesday, August 30,2022,57,4322,Snapchat,LAT
Wednesday, August 31,2022,201,5674,Snapchat,LAT
Thursday, September 1,2022,40,5419,Snapchat,LAT
Friday, September 2,2022,4,4891,Snapchat,LAT
Saturday, September 3,2022,156,4798,Snapchat,LAT
Sunday, September 4,2022,185,4745,Snapchat,LAT
Monday, September 5,2022,80,5783,Snapchat,LAT
Tuesday, September 6,2022,59,5851,Snapchat,LAT
Wednesday, September 7,2022,147,5173,Snapchat,LAT
Thursday, September 8,2022,171,5232,Snapchat,LAT
Friday, September 9,2022,103,5430,Snapchat,LAT
Saturday, September 10,2022,38,5194,Snapchat,LAT
Sunday, September 11,2022,136,4730,Snapchat,LAT
Monday, September 12,2022,185,5783,Snapchat,LAT
Tuesday, September 13,2022,191,6261,Snapchat,LAT
Wednesday, September 14,2022,193,5659,Snapchat,LAT
Thursday, September 15,2022,11,5438,Snapchat,LAT
Friday, September 16,2022,14,5248,Snapchat,LAT
Saturday, September 17,2022,92,6246,Snapchat,LAT
Sunday, September 18,2022,24,4686,Snapchat,LAT
Monday, September 19,2022,51,6173,Snapchat,LAT
Tuesday, September 20,2022,62,4643,Snapchat,LAT
Wednesday, September 21,2022,42,5555,Snapchat,LAT
Thursday, September 22,2022,51,5370,Snapchat,LAT
Friday, September 23,2022,174,5485,Snapchat,LAT
Saturday, September 24,2022,181,5936,Snapchat,LAT
Sunday, September 25,2022,168,5682,Snapchat,LAT
Monday, September 26,2022,50,5615,Snapchat,LAT
Tuesday, September 27,2022,9,5461,Snapchat,LAT
Wednesday, September 28,2022,183,5106,Snapchat,LAT
Thursday, September 29,2022,101,5438,Snapchat,LAT
Friday, September 30,2022,75,5002,Snapchat,LAT
Saturday, October 1,2022,72,4420,Snapchat,LAT
Sunday, October 2,2022,62,4632,Snapchat,LAT
Monday, October 3,2022,67,6281,Snapchat,LAT
Tuesday, October 4,2022,174,5266,Snapchat,LAT
Wednesday, October 5,2022,106,5568,Snapchat,LAT
Thursday, October 6,2022,85,5660,Snapchat,LAT
Friday, October 7,2022,200,4846,Snapchat,LAT
Saturday, October 8,2022,176,5524,Snapchat,LAT
Sunday, October 9,2022,17,5431,Snapchat,LAT
Monday, October 10,2022,75,4956,Snapchat,LAT
Tuesday, October 11,2022,16,5354,Snapchat,LAT
Wednesday, October 12,2022,110,5315,Snapchat,LAT
Thursday, October 13,2022,56,5077,Snapchat,LAT
Friday, October 14,2022,203,6195,Snapchat,LAT
Saturday, October 15,2022,204,4602,Snapchat,LAT
Sunday, October 16,2022,102,4454,Snapchat,LAT
Monday, October 17,2022,114,4910,Snapchat,LAT
Tuesday, October 18,2022,71,4544,Snapchat,LAT
Wednesday, October 19,2022,119,5552,Snapchat,LAT
Thursday, October 20,2022,82,4921,Snapchat,LAT
Friday, October 21,2022,62,4836,Snapchat,LAT
Saturday, October 22,2022,148,6063,Snapchat,LAT
Sunday, October 23,2022,101,4413,Snapchat,LAT
Monday, October 24,2022,124,6316,Snapchat,LAT
Tuesday, October 25,2022,134,4481,Snapchat,LAT
Wednesday, October 26,2022,176,4534,Snapchat,LAT
Thursday, October 27,2022,47,4897,Snapchat,LAT
Friday, October 28,2022,138,5374,Snapchat,LAT
Saturday, October 29,2022,194,4665,Snapchat,LAT
Sunday, October 30,2022,48,5809,Snapchat,LAT
Monday, October 31,2022,64,4463,Snapchat,LAT
Tuesday, November 1,2022,188,4871,Snapchat,LAT
Wednesday, November 2,2022,153,5830,Snapchat,LAT
Thursday, November 3,2022,134,5248,Snapchat,LAT
Friday, November 4,2022,143,4788,Snapchat,LAT
Saturday, November 5,2022,78,4730,Snapchat,LAT
Sunday, November 6,2022,29,4732,Snapchat,LAT
Monday, November 7,2022,160,5389,Snapchat,LAT
Tuesday, November 8,2022,186,5674,Snapchat,LAT
Wednesday, November 9,2022,59,5634,Snapchat,LAT
Thursday, November 10,2022,13,5893,Snapchat,LAT
Friday, November 11,2022,38,6015,Snapchat,LAT
Saturday, November 12,2022,131,5523,Snapchat,LAT
Sunday, November 13,2022,171,4824,Snapchat,LAT
Monday, November 14,2022,44,6242,Snapchat,LAT
Tuesday, November 15,2022,108,5886,Snapchat,LAT
Wednesday, November 16,2022,216,4615,Snapchat,LAT
Thursday, November 17,2022,54,4616,Snapchat,LAT
Friday, November 18,2022,137,6241,Snapchat,LAT
Saturday, November 19,2022,106,5021,Snapchat,LAT
Sunday, November 20,2022,137,6036,Snapchat,LAT
Monday, November 21,2022,66,5257,Snapchat,LAT
Tuesday, November 22,2022,4,5736,Snapchat,LAT
Wednesday, November 23,2022,4,4971,Snapchat,LAT
Thursday, November 24,2022,138,5445,Snapchat,LAT
Friday, November 25,2022,147,5896,Snapchat,LAT
Saturday, November 26,2022,35,5589,Snapchat,LAT
Sunday, November 27,2022,77,4451,Snapchat,LAT
Monday, November 28,2022,28,5539,Snapchat,LAT
Tuesday, November 29,2022,127,5038,Snapchat,LAT
Wednesday, November 30,2022,105,4829,Snapchat,LAT
Thursday, December 1,2022,90,4966,Snapchat,LAT
Friday, December 2,2022,30,6217,Snapchat,LAT
Saturday, December 3,2022,7,4801,Snapchat,LAT
Sunday, December 4,2022,62,4761,Snapchat,LAT
Monday, December 5,2022,5,5816,Snapchat,LAT
Tuesday, December 6,2022,6,4382,Snapchat,LAT
Wednesday, December 7,2022,15,4562,Snapchat,LAT
Thursday, December 8,2022,76,5036,Snapchat,LAT
Friday, December 9,2022,47,4570,Snapchat,LAT
Saturday, December 10,2022,37,4724,Snapchat,LAT
Sunday, December 11,2022,152,4584,Snapchat,LAT
Monday, December 12,2022,165,6216,Snapchat,LAT
Tuesday, December 13,2022,88,4686,Snapchat,LAT
Wednesday, December 14,2022,186,5983,Snapchat,LAT
Thursday, December 15,2022,192,5136,Snapchat,LAT
Friday, December 16,2022,68,5025,Snapchat,LAT
Saturday, December 17,2022,116,4837,Snapchat,LAT
Sunday, December 18,2022,80,5584,Snapchat,LAT
Monday, December 19,2022,147,5230,Snapchat,LAT
Tuesday, December 20,2022,67,4947,Snapchat,LAT
Wednesday, December 21,2022,159,6203,Snapchat,LAT
Thursday, December 22,2022,65,4686,Snapchat,LAT
Friday, December 23,2022,96,5944,Snapchat,LAT
Saturday, December 24,2022,33,6146,Snapchat,LAT
Sunday, December 25,2022,22,6239,Snapchat,LAT
Monday, December 26,2022,19,5872,Snapchat,LAT
Tuesday, December 27,2022,45,5630,Snapchat,LAT
Wednesday, December 28,2022,37,5263,Snapchat,LAT
Thursday, December 29,2022,75,4525,Snapchat,LAT
Friday, December 30,2022,179,6010,Snapchat,LAT
Saturday, December 31,2022,177,4179,Snapchat,LAT
Saturday, January 1,2022,45,4639,Snapchat,LAT
Sunday, January 2,2022,121,4569,Snapchat,LAT
Monday, January 3,2022,146,5510,Snapchat,LAT
Tuesday, January 4,2022,133,5533,Snapchat,LAT
Wednesday, January 5,2022,5,5531,Snapchat,LAT
Thursday, January 6,2022,127,5016,Snapchat,LAT
Friday, January 7,2022,150,4344,Snapchat,LAT
Saturday, January 8,2022,57,4617,Snapchat,LAT
Sunday, January 9,2022,168,4773,Snapchat,LAT
Friday, July 15,2022,149,4550,Reddit,LAT
Saturday, July 16,2022,106,4961,Reddit,LAT
Sunday, July 17,2022,20,4484,Reddit,LAT
Monday, July 18,2022,94,5440,Reddit,LAT
Tuesday, July 19,2022,109,5370,Reddit,LAT
Wednesday, July 20,2022,136,5411,Reddit,LAT
Thursday, July 21,2022,175,6070,Reddit,LAT
Friday, July 22,2022,117,6027,Reddit,LAT
Saturday, July 23,2022,55,5001,Reddit,LAT
Sunday, July 24,2022,57,6056,Reddit,LAT
Monday, July 25,2022,183,5008,Reddit,LAT
Tuesday, July 26,2022,185,5883,Reddit,LAT
Wednesday, July 27,2022,189,5546,Reddit,LAT
Thursday, July 28,2022,184,5426,Reddit,LAT
Friday, July 29,2022,148,6805,Reddit,LAT
Saturday, July 30,2022,72,5954,Reddit,LAT
Sunday, July 31,2022,147,5765,Reddit,LAT
Monday, August 1,2022,147,7080,Reddit,LAT
Tuesday, August 2,2022,246,5974,Reddit,LAT
Wednesday, August 3,2022,116,7195,Reddit,LAT
Thursday, August 4,2022,69,7780,Reddit,LAT
Friday, August 5,2022,78,7154,Reddit,LAT
Saturday, August 6,2022,203,7733,Reddit,LAT
Sunday, August 7,2022,70,6495,Reddit,LAT
Monday, August 8,2022,142,7290,Reddit,LAT
Tuesday, August 9,2022,250,7326,Reddit,LAT
Wednesday, August 10,2022,122,6644,Reddit,LAT
Thursday, August 11,2022,16,6472,Reddit,LAT
Friday, August 12,2022,259,8166,Reddit,LAT
Saturday, August 13,2022,215,8638,Reddit,LAT
Sunday, August 14,2022,49,7485,Reddit,LAT
Monday, August 15,2022,227,7384,Reddit,LAT
Tuesday, August 16,2022,187,6842,Reddit,LAT
Wednesday, August 17,2022,97,8049,Reddit,LAT
Thursday, August 18,2022,290,10091,Reddit,LAT
Friday, August 19,2022,125,9702,Reddit,LAT
Saturday, August 20,2022,209,10469,Reddit,LAT
Sunday, August 21,2022,88,9728,Reddit,LAT
Monday, August 22,2022,183,10039,Reddit,LAT
Tuesday, August 23,2022,307,10394,Reddit,LAT
Wednesday, August 24,2022,190,9298,Reddit,LAT
Wednesday, August 31,2022,252,9502,Reddit,LAT
Thursday, September 1,2022,210,7860,Reddit,LAT
Friday, September 2,2022,127,6178,Reddit,LAT
Saturday, September 3,2022,127,5146,Reddit,LAT
Sunday, September 4,2022,121,5547,Reddit,LAT
Monday, September 5,2022,169,4809,Reddit,LAT
Tuesday, September 6,2022,138,4821,Reddit,LAT
Wednesday, September 7,2022,80,5766,Reddit,LAT
Thursday, September 8,2022,166,6277,Reddit,LAT
Friday, September 9,2022,117,5867,Reddit,LAT
Saturday, September 10,2022,187,5011,Reddit,LAT
Sunday, September 11,2022,91,5602,Reddit,LAT
Monday, September 12,2022,96,4984,Reddit,LAT
Tuesday, September 13,2022,117,5535,Reddit,LAT
Wednesday, September 14,2022,43,4776,Reddit,LAT
Thursday, September 15,2022,32,5315,Reddit,LAT
Friday, September 16,2022,40,5278,Reddit,LAT
Saturday, September 17,2022,114,5915,Reddit,LAT
Sunday, September 18,2022,83,7691,Reddit,LAT
Monday, September 19,2022,163,6888,Reddit,LAT
Tuesday, September 20,2022,176,7692,Reddit,LAT
Wednesday, September 21,2022,170,7409,Reddit,LAT
Thursday, September 22,2022,245,6772,Reddit,LAT
Friday, September 23,2022,218,6544,Reddit,LAT
Saturday, September 24,2022,49,6041,Reddit,LAT
Sunday, September 25,2022,113,5900,Reddit,LAT
Monday, September 26,2022,40,7921,Reddit,LAT
Tuesday, September 27,2022,166,8355,Reddit,LAT
Wednesday, September 28,2022,261,7890,Reddit,LAT
Thursday, September 29,2022,203,5778,Reddit,LAT
Friday, September 30,2022,79,6558,Reddit,LAT
Saturday, October 1,2022,154,6637,Reddit,LAT
Sunday, October 2,2022,79,6744,Reddit,LAT
Monday, October 3,2022,145,6015,Reddit,LAT
Tuesday, October 4,2022,97,7221,Reddit,LAT
Wednesday, October 5,2022,215,6115,Reddit,LAT
Thursday, October 6,2022,64,6175,Reddit,LAT
Friday, October 7,2022,66,6103,Reddit,LAT
Saturday, October 8,2022,123,6489,Reddit,LAT
Sunday, October 9,2022,37,6844,Reddit,LAT
Monday, October 10,2022,179,6305,Reddit,LAT
Tuesday, October 11,2022,189,6061,Reddit,LAT
Wednesday, October 12,2022,211,5567,Reddit,LAT
Thursday, October 13,2022,27,5279,Reddit,LAT
Friday, October 14,2022,137,6002,Reddit,LAT
Saturday, October 15,2022,124,5709,Reddit,LAT
Sunday, October 16,2022,100,5651,Reddit,LAT
Monday, October 17,2022,138,6579,Reddit,LAT
Tuesday, October 18,2022,201,6071,Reddit,LAT
Wednesday, October 19,2022,78,4742,Reddit,LAT
Thursday, October 20,2022,169,5991,Reddit,LAT
Friday, October 21,2022,35,5253,Reddit,LAT
Saturday, October 22,2022,123,5014,Reddit,LAT
Sunday, October 23,2022,111,6332,Reddit,LAT
Monday, October 24,2022,32,5031,Reddit,LAT
Tuesday, October 25,2022,46,4629,Reddit,LAT
Wednesday, October 26,2022,94,5167,Reddit,LAT
Thursday, October 27,2022,34,4774,Reddit,LAT
Friday, October 28,2022,125,5360,Reddit,LAT
Saturday, October 29,2022,86,4795,Reddit,LAT
Sunday, October 30,2022,142,5999,Reddit,LAT
Monday, October 31,2022,185,4846,Reddit,LAT
Tuesday, November 1,2022,158,5196,Reddit,LAT
Wednesday, November 2,2022,162,5075,Reddit,LAT
Thursday, November 3,2022,163,5839,Reddit,LAT
Friday, November 4,2022,130,5556,Reddit,LAT
Saturday, November 5,2022,217,6818,Reddit,LAT
Sunday, November 6,2022,97,6111,Reddit,LAT
Monday, November 7,2022,109,5578,Reddit,LAT
Tuesday, November 8,2022,182,5271,Reddit,LAT
Wednesday, November 9,2022,204,5857,Reddit,LAT
Thursday, November 10,2022,178,6060,Reddit,LAT
Friday, November 11,2022,72,4779,Reddit,LAT
Saturday, November 12,2022,124,4516,Reddit,LAT
Sunday, November 13,2022,180,4558,Reddit,LAT
Monday, November 14,2022,153,5841,Reddit,LAT
Tuesday, November 15,2022,169,5838,Reddit,LAT
Wednesday, November 16,2022,91,5952,Reddit,LAT
Thursday, November 17,2022,185,5597,Reddit,LAT
Friday, November 18,2022,111,6429,Reddit,LAT
Saturday, November 19,2022,46,5419,Reddit,LAT
Sunday, November 20,2022,120,6349,Reddit,LAT
Monday, November 21,2022,69,5420,Reddit,LAT
Tuesday, November 22,2022,6,4944,Reddit,LAT
Wednesday, November 23,2022,22,5085,Reddit,LAT
Thursday, November 24,2022,110,5681,Reddit,LAT
Friday, November 25,2022,77,6156,Reddit,LAT
Saturday, November 26,2022,179,6840,Reddit,LAT
Sunday, November 27,2022,192,5687,Reddit,LAT
Monday, November 28,2022,132,5446,Reddit,LAT
Tuesday, November 29,2022,34,4994,Reddit,LAT
Wednesday, November 30,2022,146,6224,Reddit,LAT
Thursday, December 1,2022,36,4854,Reddit,LAT
Friday, December 2,2022,86,5291,Reddit,LAT
Saturday, December 3,2022,167,5519,Reddit,LAT
Sunday, December 4,2022,117,6061,Reddit,LAT
Monday, December 5,2022,117,5355,Reddit,LAT
Tuesday, December 6,2022,144,4455,Reddit,LAT
Wednesday, December 7,2022,27,5308,Reddit,LAT
Thursday, December 8,2022,27,5939,Reddit,LAT
Friday, December 9,2022,37,5728,Reddit,LAT
Saturday, December 10,2022,107,5677,Reddit,LAT
Sunday, December 11,2022,164,6047,Reddit,LAT
Monday, December 12,2022,197,5438,Reddit,LAT
Tuesday, December 13,2022,178,5140,Reddit,LAT
Wednesday, December 14,2022,74,5609,Reddit,LAT
Thursday, December 15,2022,5,4491,Reddit,LAT
Friday, December 16,2022,72,4909,Reddit,LAT
Saturday, December 17,2022,143,5195,Reddit,LAT
Sunday, December 18,2022,30,5884,Reddit,LAT
Monday, December 19,2022,76,4349,Reddit,LAT
Tuesday, December 20,2022,48,4815,Reddit,LAT
Wednesday, December 21,2022,39,4771,Reddit,LAT
Thursday, December 22,2022,68,5610,Reddit,LAT
Friday, December 23,2022,32,5295,Reddit,LAT
Saturday, December 24,2022,22,5809,Reddit,LAT
Sunday, December 25,2022,149,4611,Reddit,LAT
Monday, December 26,2022,181,4866,Reddit,LAT
Tuesday, December 27,2022,153,4198,Reddit,LAT
Wednesday, December 28,2022,70,6126,Reddit,LAT
Thursday, December 29,2022,107,4880,Reddit,LAT
Saturday, January 1,2022,107,4216,Reddit,LAT
Sunday, January 2,2022,173,5830,Reddit,LAT
Monday, January 3,2022,91,5003,Reddit,LAT
Tuesday, January 4,2022,86,4280,Reddit,LAT
Wednesday, January 5,2022,124,7396,Reddit,LAT
Thursday, January 6,2022,63,8070,Reddit,LAT
Friday, January 7,2022,76,7246,Reddit,LAT
Saturday, January 8,2022,154,6629,Reddit,LAT
Sunday, January 9,2022,191,7303,Reddit,LAT
Monday, January 10,2022,59,7178,Reddit,LAT
Tuesday, October 4,2022,193,8430,Instagram,LAT
Wednesday, October 5,2022,19,5286,Instagram,LAT
Friday, October 7,2022,30,4631,Instagram,LAT
Wednesday, October 19,2022,209,5751,Instagram,LAT
Thursday, October 20,2022,167,6634,Instagram,LAT
Friday, October 21,2022,79,4489,Instagram,LAT
Saturday, October 22,2022,202,7324,Instagram,LAT
Friday, October 28,2022,197,5264,Instagram,LAT
Tuesday, November 1,2022,109,6534,Instagram,LAT
Wednesday, November 2,2022,86,8107,Instagram,LAT
Thursday, November 3,2022,117,6032,Instagram,LAT
Friday, November 4,2022,143,5885,Instagram,LAT
Saturday, November 5,2022,7,5862,Instagram,LAT
Sunday, November 6,2022,137,6194,Instagram,LAT
Monday, November 7,2022,101,5877,Instagram,LAT
Tuesday, November 8,2022,168,5934,Instagram,LAT
Wednesday, November 9,2022,192,5997,Instagram,LAT
Thursday, November 10,2022,18,5493,Instagram,LAT
Friday, November 11,2022,166,5037,Instagram,LAT
Saturday, November 12,2022,186,4742,Instagram,LAT
Sunday, November 13,2022,14,5572,Instagram,LAT
Monday, November 14,2022,68,4250,Instagram,LAT
Tuesday, November 15,2022,139,5515,Instagram,LAT
Wednesday, November 16,2022,204,6699,Instagram,LAT
Thursday, November 17,2022,176,7752,Instagram,LAT
Friday, November 18,2022,194,7924,Instagram,LAT
Saturday, November 19,2022,93,7478,Instagram,LAT
Sunday, November 20,2022,91,5361,Instagram,LAT
Monday, November 21,2022,101,6889,Instagram,LAT
Tuesday, November 22,2022,211,7251,Instagram,LAT
Wednesday, November 23,2022,172,6354,Instagram,LAT
Thursday, November 24,2022,84,5932,Instagram,LAT
Friday, November 25,2022,19,5279,Instagram,LAT
Saturday, November 26,2022,131,6696,Instagram,LAT
Sunday, November 27,2022,84,6120,Instagram,LAT
Monday, November 28,2022,43,5503,Instagram,LAT
Tuesday, November 29,2022,185,5248,Instagram,LAT
Wednesday, November 30,2022,199,5325,Instagram,LAT
Thursday, December 1,2022,220,5497,Instagram,LAT
Friday, December 2,2022,14,4801,Instagram,LAT
Saturday, December 3,2022,129,6077,Instagram,LAT
Sunday, December 4,2022,210,6803,Instagram,LAT
Monday, December 5,2022,154,7103,Instagram,LAT
Tuesday, December 6,2022,116,4663,Instagram,LAT
Wednesday, December 7,2022,135,4579,Instagram,LAT
Thursday, December 8,2022,217,5245,Instagram,LAT
Friday, December 9,2022,174,5130,Instagram,LAT
Saturday, December 10,2022,185,5885,Instagram,LAT
Sunday, December 11,2022,141,5525,Instagram,LAT
Monday, December 12,2022,194,6444,Instagram,LAT
Tuesday, December 13,2022,118,5833,Instagram,LAT
Wednesday, December 14,2022,127,5582,Instagram,LAT
Thursday, December 15,2022,35,5686,Instagram,LAT
Friday, December 16,2022,161,6672,Instagram,LAT
Saturday, December 17,2022,76,5827,Instagram,LAT
Sunday, December 18,2022,53,6024,Instagram,LAT
Monday, December 19,2022,81,6246,Instagram,LAT
Tuesday, December 20,2022,21,5530,Instagram,LAT
Wednesday, December 21,2022,96,4906,Instagram,LAT
Thursday, December 22,2022,190,4901,Instagram,LAT
Friday, December 23,2022,22,5073,Instagram,LAT
Saturday, December 24,2022,125,5902,Instagram,LAT
Sunday, December 25,2022,179,4576,Instagram,LAT
Monday, December 26,2022,160,5240,Instagram,LAT
Tuesday, December 27,2022,47,5325,Instagram,LAT
Wednesday, December 28,2022,42,4843,Instagram,LAT
Thursday, December 29,2022,142,4816,Instagram,LAT
Friday, December 30,2022,60,5990,Instagram,LAT
Saturday, December 31,2022,15,5725,Instagram,LAT
Friday, July 1,2022,96,5640,Facebook,LAT
Saturday, July 2,2022,149,4963,Facebook,LAT
Sunday, July 3,2022,96,5798,Facebook,LAT
Monday, July 4,2022,103,5903,Facebook,LAT
Tuesday, July 5,2022,133,6389,Facebook,LAT
Wednesday, July 6,2022,64,6680,Facebook,LAT
Thursday, July 7,2022,46,7535,Facebook,LAT
Friday, July 8,2022,217,6256,Facebook,LAT
Saturday, July 9,2022,33,5790,Facebook,LAT
Sunday, July 10,2022,38,6290,Facebook,LAT
Monday, July 11,2022,182,6201,Facebook,LAT
Tuesday, July 12,2022,98,6931,Facebook,LAT
Wednesday, July 13,2022,177,6842,Facebook,LAT
Thursday, July 14,2022,137,6501,Facebook,LAT
Friday, July 15,2022,173,6435,Facebook,LAT
Saturday, July 16,2022,175,5085,Facebook,LAT
Sunday, July 17,2022,73,6379,Facebook,LAT
Monday, July 18,2022,173,5622,Facebook,LAT
Tuesday, July 19,2022,68,5225,Facebook,LAT
Wednesday, July 20,2022,150,6124,Facebook,LAT
Thursday, July 21,2022,181,7255,Facebook,LAT
Friday, July 22,2022,208,6907,Facebook,LAT
Saturday, July 23,2022,147,6733,Facebook,LAT
Sunday, July 24,2022,82,7912,Facebook,LAT
Monday, July 25,2022,128,8085,Facebook,LAT
Tuesday, July 26,2022,61,8032,Facebook,LAT
Wednesday, July 27,2022,89,7326,Facebook,LAT
Thursday, July 28,2022,81,8320,Facebook,LAT
Friday, July 29,2022,173,9144,Facebook,LAT
Saturday, July 30,2022,81,7802,Facebook,LAT
Sunday, July 31,2022,110,7787,Facebook,LAT
Monday, August 1,2022,195,8682,Facebook,LAT
Tuesday, August 2,2022,136,8760,Facebook,LAT
Wednesday, August 3,2022,208,9393,Facebook,LAT
Thursday, August 4,2022,146,7752,Facebook,LAT
Friday, August 5,2022,191,7906,Facebook,LAT
Saturday, August 6,2022,118,9162,Facebook,LAT
Sunday, August 7,2022,233,10083,Facebook,LAT
Monday, August 8,2022,230,9092,Facebook,LAT
Tuesday, August 9,2022,207,7929,Facebook,LAT
Wednesday, August 10,2022,228,9566,Facebook,LAT
Thursday, August 11,2022,73,9730,Facebook,LAT
Friday, August 12,2022,44,9947,Facebook,LAT
Saturday, August 13,2022,204,9888,Facebook,LAT
Sunday, August 14,2022,57,10506,Facebook,LAT
Monday, August 15,2022,31,9134,Facebook,LAT
Tuesday, August 16,2022,190,8511,Facebook,LAT
Wednesday, August 17,2022,194,8248,Facebook,LAT
Thursday, August 18,2022,152,8846,Facebook,LAT
Friday, August 19,2022,206,8267,Facebook,LAT
Saturday, August 20,2022,30,8528,Facebook,LAT
Sunday, August 21,2022,230,9438,Facebook,LAT
Monday, August 22,2022,101,8277,Facebook,LAT
Tuesday, August 23,2022,223,9376,Facebook,LAT
Wednesday, August 24,2022,56,8687,Facebook,LAT
Thursday, August 25,2022,61,8910,Facebook,LAT
Friday, August 26,2022,68,9139,Facebook,LAT
Saturday, August 27,2022,220,8945,Facebook,LAT
Sunday, August 28,2022,77,9774,Facebook,LAT
Monday, August 29,2022,63,10232,Facebook,LAT
Tuesday, August 30,2022,140,10250,Facebook,LAT
Wednesday, August 31,2022,224,10255,Facebook,LAT
Thursday, September 1,2022,226,9872,Facebook,LAT
Friday, September 2,2022,199,10242,Facebook,LAT
Saturday, September 3,2022,270,8776,Facebook,LAT
Sunday, September 4,2022,167,6888,Facebook,LAT
Monday, September 5,2022,226,5737,Facebook,LAT
Tuesday, September 6,2022,116,5283,Facebook,LAT
Wednesday, September 7,2022,159,6977,Facebook,LAT
Thursday, September 8,2022,155,5187,Facebook,LAT
Friday, September 9,2022,252,7020,Facebook,LAT
Saturday, September 10,2022,75,6877,Facebook,LAT
Sunday, September 11,2022,83,6700,Facebook,LAT
Monday, September 12,2022,188,5315,Facebook,LAT
Tuesday, September 13,2022,80,7041,Facebook,LAT
Wednesday, September 14,2022,249,8820,Facebook,LAT
Thursday, September 15,2022,194,9327,Facebook,LAT
Friday, September 16,2022,155,11152,Facebook,LAT
Saturday, September 17,2022,249,10572,Facebook,LAT
Sunday, September 18,2022,179,8384,Facebook,LAT
Monday, September 19,2022,256,8346,Facebook,LAT
Tuesday, September 20,2022,185,8237,Facebook,LAT
Wednesday, September 21,2022,338,12029,Facebook,LAT
Thursday, September 22,2022,274,13788,Facebook,LAT
Friday, September 23,2022,232,15264,Facebook,LAT
Saturday, September 24,2022,305,15720,Facebook,LAT
Sunday, September 25,2022,248,14711,Facebook,LAT
Monday, September 26,2022,306,12456,Facebook,LAT
Tuesday, September 27,2022,426,14503,Facebook,LAT
Wednesday, September 28,2022,389,16445,Facebook,LAT
Thursday, September 29,2022,322,23279,Facebook,LAT
Friday, September 30,2022,340,27334,Facebook,LAT
Saturday, October 1,2022,314,30906,Facebook,LAT
Sunday, October 2,2022,232,21194,Facebook,LAT
Monday, October 3,2022,232,19510,Facebook,LAT
Tuesday, October 4,2022,217,15391,Facebook,LAT
Wednesday, October 5,2022,326,16189,Facebook,LAT
Thursday, October 6,2022,312,16152,Facebook,LAT
Friday, October 7,2022,302,15334,Facebook,LAT
Saturday, October 8,2022,122,12979,Facebook,LAT
Sunday, October 9,2022,155,10436,Facebook,LAT
Monday, October 10,2022,256,9895,Facebook,LAT
Tuesday, October 11,2022,173,12687,Facebook,LAT
Wednesday, October 12,2022,124,11368,Facebook,LAT
Thursday, October 13,2022,123,12693,Facebook,LAT
Friday, October 14,2022,250,11745,Facebook,LAT
Saturday, October 15,2022,147,10684,Facebook,LAT
Sunday, October 16,2022,165,12084,Facebook,LAT
Monday, October 17,2022,265,11852,Facebook,LAT
Tuesday, October 18,2022,269,11494,Facebook,LAT
Wednesday, October 19,2022,251,10579,Facebook,LAT
Thursday, October 20,2022,159,10144,Facebook,LAT
Friday, October 21,2022,266,11584,Facebook,LAT
Saturday, October 22,2022,273,10875,Facebook,LAT
Sunday, October 23,2022,173,10885,Facebook,LAT
Monday, October 24,2022,135,9234,Facebook,LAT
Tuesday, October 25,2022,173,13886,Facebook,LAT
Wednesday, October 26,2022,202,14032,Facebook,LAT
Thursday, October 27,2022,338,13277,Facebook,LAT
Friday, October 28,2022,266,12905,Facebook,LAT
Saturday, October 29,2022,136,12772,Facebook,LAT
Sunday, October 30,2022,175,9899,Facebook,LAT
Monday, October 31,2022,164,9690,Facebook,LAT
Tuesday, November 1,2022,140,9877,Facebook,LAT
Wednesday, November 2,2022,181,10258,Facebook,LAT
Thursday, November 3,2022,156,11713,Facebook,LAT
Friday, November 4,2022,264,10728,Facebook,LAT
Saturday, November 5,2022,261,11619,Facebook,LAT
Sunday, November 6,2022,168,9899,Facebook,LAT
Monday, November 7,2022,218,9085,Facebook,LAT
Tuesday, November 8,2022,235,9163,Facebook,LAT
Wednesday, November 9,2022,179,9083,Facebook,LAT
Thursday, November 10,2022,161,9550,Facebook,LAT
Friday, November 11,2022,250,11141,Facebook,LAT
Saturday, November 12,2022,134,10681,Facebook,LAT
Sunday, November 13,2022,122,8211,Facebook,LAT
Monday, November 14,2022,193,8014,Facebook,LAT
Tuesday, November 15,2022,290,9668,Facebook,LAT
Wednesday, November 16,2022,310,10103,Facebook,LAT
Thursday, November 17,2022,198,6993,Facebook,LAT
Friday, November 18,2022,185,5986,Facebook,LAT
Saturday, November 19,2022,161,6231,Facebook,LAT
Sunday, November 20,2022,63,8382,Facebook,LAT
Monday, November 21,2022,52,7318,Facebook,LAT
Tuesday, November 22,2022,145,8174,Facebook,LAT
Wednesday, November 23,2022,226,8713,Facebook,LAT
Thursday, November 24,2022,187,8964,Facebook,LAT
Friday, November 25,2022,91,9908,Facebook,LAT
Saturday, November 26,2022,61,8347,Facebook,LAT
Sunday, November 27,2022,225,8348,Facebook,LAT
Monday, November 28,2022,221,7553,Facebook,LAT
Tuesday, November 29,2022,211,8127,Facebook,LAT
Wednesday, November 30,2022,203,8341,Facebook,LAT
Thursday, December 1,2022,86,5922,Facebook,LAT
Friday, December 2,2022,131,5431,Facebook,LAT
Saturday, December 3,2022,84,6331,Facebook,LAT
Sunday, December 4,2022,79,6114,Facebook,LAT
Monday, December 5,2022,210,7406,Facebook,LAT
Tuesday, December 6,2022,168,6069,Facebook,LAT
Wednesday, December 7,2022,21,6412,Facebook,LAT
Thursday, December 8,2022,62,4858,Facebook,LAT
Friday, December 9,2022,75,5188,Facebook,LAT
Saturday, December 10,2022,214,5357,Facebook,LAT
Sunday, December 11,2022,162,6512,Facebook,LAT
Monday, December 12,2022,140,5428,Facebook,LAT
Tuesday, December 13,2022,212,6337,Facebook,LAT
Wednesday, December 14,2022,22,5011,Facebook,LAT
Thursday, December 15,2022,28,5518,Facebook,LAT
Friday, December 16,2022,158,5099,Facebook,LAT
Saturday, December 17,2022,89,5146,Facebook,LAT
Sunday, December 18,2022,204,6630,Facebook,LAT
Monday, December 19,2022,152,6648,Facebook,LAT
Tuesday, December 20,2022,62,6035,Facebook,LAT
Wednesday, December 21,2022,151,7050,Facebook,LAT
Thursday, December 22,2022,159,5929,Facebook,LAT
Friday, December 23,2022,154,6239,Facebook,LAT
Saturday, December 24,2022,148,5616,Facebook,LAT
Sunday, December 25,2022,105,5380,Facebook,LAT
Monday, December 26,2022,186,5773,Facebook,LAT
Tuesday, December 27,2022,207,5822,Facebook,LAT
Wednesday, December 28,2022,206,5895,Facebook,LAT
Thursday, December 29,2022,144,6111,Facebook,LAT
Friday, December 30,2022,48,6526,Facebook,LAT
Saturday, December 31,2022,52,5435,Facebook,LAT
Saturday, January 1,2022,126,6333,Facebook,LAT
Sunday, January 2,2022,135,11073,Facebook,LAT
Monday, January 3,2022,160,11929,Facebook,LAT
Tuesday, January 4,2022,279,11748,Facebook,LAT
Wednesday, January 5,2022,216,12036,Facebook,LAT
Thursday, January 6,2022,278,10387,Facebook,LAT
Friday, January 7,2022,236,11434,Facebook,LAT
Saturday, January 8,2022,184,12205,Facebook,LAT
Sunday, January 9,2022,58,10493,Facebook,LAT
Monday, January 10,2022,159,11455,Facebook,LAT
Thursday, November 3,2022,75,4126,Instagram,NYT
Sunday, November 6,2022,62,4290,Instagram,NYT
Monday, November 7,2022,69,4443,Instagram,NYT
Tuesday, November 8,2022,46,5368,Instagram,NYT
Wednesday, November 9,2022,19,5475,Instagram,NYT
Friday, November 11,2022,12,4526,Instagram,NYT
Sunday, November 13,2022,183,4688,Instagram,NYT
Tuesday, November 15,2022,8,4486,Instagram,NYT
Wednesday, November 16,2022,136,5992,Instagram,NYT
Friday, November 18,2022,16,5244,Instagram,NYT
Thursday, November 24,2022,31,4400,Instagram,NYT
Saturday, July 2,2022,77,5046,Facebook,NYT
Sunday, July 3,2022,16,5149,Facebook,NYT
Monday, July 4,2022,158,5526,Facebook,NYT
Tuesday, July 5,2022,70,5924,Facebook,NYT
Wednesday, July 6,2022,1,5403,Facebook,NYT
Thursday, July 7,2022,47,4514,Facebook,NYT
Friday, July 8,2022,153,4724,Facebook,NYT
Saturday, July 9,2022,66,6096,Facebook,NYT
Sunday, July 10,2022,65,5025,Facebook,NYT
Monday, July 11,2022,78,4568,Facebook,NYT
Tuesday, July 12,2022,78,4958,Facebook,NYT
Wednesday, July 13,2022,81,5814,Facebook,NYT
Thursday, July 14,2022,122,4699,Facebook,NYT
Friday, July 15,2022,2,5622,Facebook,NYT
Saturday, July 16,2022,33,4655,Facebook,NYT
Sunday, July 17,2022,6,4717,Facebook,NYT
Monday, July 18,2022,23,4824,Facebook,NYT
Tuesday, July 19,2022,74,5448,Facebook,NYT
Wednesday, July 20,2022,155,5949,Facebook,NYT
Thursday, July 21,2022,22,5441,Facebook,NYT
Friday, July 22,2022,160,5246,Facebook,NYT
Saturday, July 23,2022,164,5284,Facebook,NYT
Sunday, July 24,2022,82,4428,Facebook,NYT
Monday, July 25,2022,161,5250,Facebook,NYT
Tuesday, July 26,2022,149,4907,Facebook,NYT
Wednesday, July 27,2022,104,5035,Facebook,NYT
Thursday, July 28,2022,28,5989,Facebook,NYT
Friday, July 29,2022,147,4893,Facebook,NYT
Saturday, July 30,2022,78,4437,Facebook,NYT
Sunday, July 31,2022,72,5002,Facebook,NYT
Monday, August 1,2022,80,5209,Facebook,NYT
Tuesday, August 2,2022,39,4250,Facebook,NYT
Wednesday, August 3,2022,96,5957,Facebook,NYT
Thursday, August 4,2022,185,4437,Facebook,NYT
Friday, August 5,2022,76,4356,Facebook,NYT
Saturday, August 6,2022,87,5160,Facebook,NYT
Sunday, August 7,2022,116,4852,Facebook,NYT
Monday, August 8,2022,79,4430,Facebook,NYT
Tuesday, August 9,2022,81,4979,Facebook,NYT
Wednesday, August 10,2022,199,4241,Facebook,NYT
Thursday, August 11,2022,85,4406,Facebook,NYT
Friday, August 12,2022,153,4409,Facebook,NYT
Saturday, August 13,2022,102,4264,Facebook,NYT
Sunday, August 14,2022,81,4573,Facebook,NYT
Monday, August 15,2022,165,4190,Facebook,NYT
Tuesday, August 16,2022,75,5564,Facebook,NYT
Wednesday, August 17,2022,118,5889,Facebook,NYT
Thursday, August 18,2022,100,4361,Facebook,NYT
Friday, August 19,2022,180,5653,Facebook,NYT
Saturday, August 20,2022,48,5851,Facebook,NYT
Sunday, August 21,2022,194,5924,Facebook,NYT
Monday, August 22,2022,195,4625,Facebook,NYT
Tuesday, August 23,2022,99,5596,Facebook,NYT
Wednesday, August 24,2022,89,5101,Facebook,NYT
Thursday, August 25,2022,47,4864,Facebook,NYT
Friday, August 26,2022,184,5616,Facebook,NYT
Saturday, August 27,2022,112,5485,Facebook,NYT
Sunday, August 28,2022,142,5839,Facebook,NYT
Monday, August 29,2022,143,5703,Facebook,NYT
Tuesday, August 30,2022,44,5415,Facebook,NYT
Wednesday, August 31,2022,40,4896,Facebook,NYT
Thursday, September 1,2022,190,4554,Facebook,NYT
Friday, September 2,2022,112,4353,Facebook,NYT
Saturday, September 3,2022,86,4568,Facebook,NYT
Sunday, September 4,2022,88,4182,Facebook,NYT
Monday, September 5,2022,38,5669,Facebook,NYT
Tuesday, September 6,2022,57,4066,Facebook,NYT
Wednesday, September 7,2022,186,4376,Facebook,NYT
Thursday, September 8,2022,56,5931,Facebook,NYT
Friday, September 9,2022,88,5293,Facebook,NYT
Saturday, September 10,2022,185,5570,Facebook,NYT
Sunday, September 11,2022,187,5614,Facebook,NYT
Monday, September 12,2022,36,4323,Facebook,NYT
Tuesday, September 13,2022,47,4920,Facebook,NYT
Wednesday, September 14,2022,20,4694,Facebook,NYT
Thursday, September 15,2022,75,5489,Facebook,NYT
Friday, September 16,2022,159,5552,Facebook,NYT
Saturday, September 17,2022,47,4676,Facebook,NYT
Sunday, September 18,2022,186,5056,Facebook,NYT
Monday, September 19,2022,165,4212,Facebook,NYT
Tuesday, September 20,2022,139,4070,Facebook,NYT
Wednesday, September 21,2022,46,5424,Facebook,NYT
Thursday, September 22,2022,32,5185,Facebook,NYT
Friday, September 23,2022,84,4250,Facebook,NYT
Saturday, September 24,2022,122,5829,Facebook,NYT
Sunday, September 25,2022,28,5729,Facebook,NYT
Monday, September 26,2022,63,4062,Facebook,NYT
Tuesday, September 27,2022,65,4650,Facebook,NYT
Wednesday, September 28,2022,54,4906,Facebook,NYT
Thursday, September 29,2022,112,4269,Facebook,NYT
Friday, September 30,2022,176,5702,Facebook,NYT
Saturday, October 1,2022,200,4408,Facebook,NYT
Sunday, October 2,2022,111,5576,Facebook,NYT
Monday, October 3,2022,190,4747,Facebook,NYT
Tuesday, October 4,2022,9,5829,Facebook,NYT
Wednesday, October 5,2022,92,4273,Facebook,NYT
Thursday, October 6,2022,15,4750,Facebook,NYT
Friday, October 7,2022,116,5809,Facebook,NYT
Saturday, October 8,2022,61,4851,Facebook,NYT
Sunday, October 9,2022,118,4442,Facebook,NYT
Monday, October 10,2022,60,4792,Facebook,NYT
Tuesday, October 11,2022,49,5281,Facebook,NYT
Wednesday, October 12,2022,134,5143,Facebook,NYT
Thursday, October 13,2022,192,4289,Facebook,NYT
Friday, October 14,2022,108,5837,Facebook,NYT
Saturday, October 15,2022,175,4204,Facebook,NYT
Sunday, October 16,2022,72,4695,Facebook,NYT
Monday, October 17,2022,145,4512,Facebook,NYT
Tuesday, October 18,2022,193,5224,Facebook,NYT
Wednesday, October 19,2022,168,5850,Facebook,NYT
Thursday, October 20,2022,107,5617,Facebook,NYT
Friday, October 21,2022,95,4774,Facebook,NYT
Saturday, October 22,2022,91,5502,Facebook,NYT
Sunday, October 23,2022,99,5918,Facebook,NYT
Monday, October 24,2022,114,4437,Facebook,NYT
Tuesday, October 25,2022,194,4408,Facebook,NYT
Wednesday, October 26,2022,41,5172,Facebook,NYT
Thursday, October 27,2022,72,4495,Facebook,NYT
Friday, October 28,2022,126,4605,Facebook,NYT
Saturday, October 29,2022,137,5247,Facebook,NYT
Sunday, October 30,2022,33,5427,Facebook,NYT
Monday, October 31,2022,45,5186,Facebook,NYT
Tuesday, November 1,2022,133,5915,Facebook,NYT
Wednesday, November 2,2022,87,4246,Facebook,NYT
Thursday, November 3,2022,125,5762,Facebook,NYT
Friday, November 4,2022,77,5736,Facebook,NYT
Saturday, November 5,2022,77,4433,Facebook,NYT
Sunday, November 6,2022,190,5928,Facebook,NYT
Monday, November 7,2022,57,4324,Facebook,NYT
Tuesday, November 8,2022,131,5704,Facebook,NYT
Wednesday, November 9,2022,201,6031,Facebook,NYT
Thursday, November 10,2022,123,5253,Facebook,NYT
Friday, November 11,2022,141,5075,Facebook,NYT
Saturday, November 12,2022,45,6216,Facebook,NYT
Sunday, November 13,2022,84,5961,Facebook,NYT
Monday, November 14,2022,110,5569,Facebook,NYT
Tuesday, November 15,2022,200,5222,Facebook,NYT
Wednesday, November 16,2022,38,5953,Facebook,NYT
Thursday, November 17,2022,76,4842,Facebook,NYT
Friday, November 18,2022,157,5089,Facebook,NYT
Saturday, November 19,2022,150,5371,Facebook,NYT
Sunday, November 20,2022,163,4267,Facebook,NYT
Monday, November 21,2022,62,5437,Facebook,NYT
Tuesday, November 22,2022,15,6217,Facebook,NYT
Wednesday, November 23,2022,43,5199,Facebook,NYT
Thursday, November 24,2022,41,5067,Facebook,NYT
Friday, November 25,2022,134,4312,Facebook,NYT
Saturday, November 26,2022,101,4938,Facebook,NYT
Sunday, November 27,2022,188,4869,Facebook,NYT
Monday, November 28,2022,143,5324,Facebook,NYT
Tuesday, November 29,2022,90,5599,Facebook,NYT
Wednesday, November 30,2022,190,5120,Facebook,NYT
Thursday, December 1,2022,147,4451,Facebook,NYT
Friday, December 2,2022,159,5391,Facebook,NYT
Saturday, December 3,2022,199,5815,Facebook,NYT
Sunday, December 4,2022,27,6075,Facebook,NYT
Monday, December 5,2022,165,5580,Facebook,NYT
Tuesday, December 6,2022,14,5112,Facebook,NYT
Wednesday, December 7,2022,84,6018,Facebook,NYT
Thursday, December 8,2022,91,5675,Facebook,NYT
Friday, December 9,2022,147,5852,Facebook,NYT
Saturday, December 10,2022,175,5355,Facebook,NYT
Sunday, December 11,2022,74,5897,Facebook,NYT
Monday, December 12,2022,142,4895,Facebook,NYT
Tuesday, December 13,2022,87,5259,Facebook,NYT
Wednesday, December 14,2022,152,4859,Facebook,NYT
Thursday, December 15,2022,154,5321,Facebook,NYT
Friday, December 16,2022,169,5219,Facebook,NYT
Saturday, December 17,2022,75,4680,Facebook,NYT
Sunday, December 18,2022,54,5842,Facebook,NYT
Monday, December 19,2022,123,4903,Facebook,NYT
Tuesday, December 20,2022,196,4521,Facebook,NYT
Wednesday, December 21,2022,109,5282,Facebook,NYT
Thursday, December 22,2022,125,6146,Facebook,NYT
Friday, December 23,2022,77,6044,Facebook,NYT
Saturday, December 24,2022,68,5102,Facebook,NYT
Sunday, December 25,2022,48,4733,Facebook,NYT
Monday, December 26,2022,54,4754,Facebook,NYT
Tuesday, December 27,2022,106,5290,Facebook,NYT
Wednesday, December 28,2022,123,5831,Facebook,NYT
Thursday, December 29,2022,196,4940,Facebook,NYT
Friday, December 30,2022,82,4596,Facebook,NYT
Saturday, December 31,2022,184,4171,Facebook,NYT
Saturday, January 1,2022,40,5142,Facebook,NYT
Sunday, January 2,2022,165,5914,Facebook,NYT
Monday, January 3,2022,25,4773,Facebook,NYT
Tuesday, January 4,2022,137,5517,Facebook,NYT
Wednesday, January 5,2022,16,5450,Facebook,NYT
Thursday, January 6,2022,21,5300,Facebook,NYT
Friday, January 7,2022,143,6141,Facebook,NYT
Saturday, January 8,2022,60,4304,Facebook,NYT
Sunday, January 9,2022,1,5087,Facebook,NYT
Monday, January 10,2022,143,5712,Facebook,NYT
Thursday, July 21,2022,14,5445,Reddit,NYT
Friday, July 22,2022,149,4371,Reddit,NYT
Saturday, July 23,2022,138,4523,Reddit,NYT
Sunday, July 24,2022,81,4227,Reddit,NYT
Monday, July 25,2022,159,4951,Reddit,NYT
Tuesday, July 26,2022,130,4602,Reddit,NYT
Wednesday, July 27,2022,27,5152,Reddit,NYT
Wednesday, August 3,2022,126,4070,Reddit,NYT
Thursday, August 4,2022,45,5234,Reddit,NYT
Friday, August 5,2022,65,4062,Reddit,NYT
Saturday, August 6,2022,139,5621,Reddit,NYT
Sunday, August 7,2022,157,5710,Reddit,NYT
Monday, August 8,2022,110,4706,Reddit,NYT
Tuesday, August 9,2022,40,4959,Reddit,NYT
Wednesday, August 10,2022,63,5930,Reddit,NYT
Saturday, August 13,2022,113,5451,Reddit,NYT
Sunday, August 14,2022,143,5955,Reddit,NYT
Monday, August 15,2022,85,4602,Reddit,NYT
Tuesday, August 16,2022,185,5454,Reddit,NYT
Wednesday, August 17,2022,40,5098,Reddit,NYT
Thursday, August 18,2022,167,4787,Reddit,NYT
Friday, August 19,2022,38,4765,Reddit,NYT
Saturday, August 20,2022,139,5469,Reddit,NYT
Sunday, August 21,2022,100,5683,Reddit,NYT
Monday, August 22,2022,165,5201,Reddit,NYT
Tuesday, August 23,2022,135,4244,Reddit,NYT
Wednesday, August 24,2022,19,4347,Reddit,NYT
Thursday, August 25,2022,19,4496,Reddit,NYT
Friday, August 26,2022,201,4503,Reddit,NYT
Saturday, August 27,2022,77,5099,Reddit,NYT
Sunday, August 28,2022,138,4518,Reddit,NYT
Monday, August 29,2022,195,4398,Reddit,NYT
Tuesday, August 30,2022,28,5386,Reddit,NYT
Wednesday, August 31,2022,17,5190,Reddit,NYT
Thursday, September 1,2022,147,5170,Reddit,NYT
Friday, September 2,2022,81,5123,Reddit,NYT
Saturday, September 3,2022,79,4249,Reddit,NYT
Sunday, September 4,2022,110,4314,Reddit,NYT
Monday, September 5,2022,97,4366,Reddit,NYT
Tuesday, September 6,2022,4,4644,Reddit,NYT
Wednesday, September 7,2022,156,6002,Reddit,NYT
Thursday, September 8,2022,143,5403,Reddit,NYT
Friday, September 9,2022,10,4441,Reddit,NYT
Saturday, September 10,2022,100,5361,Reddit,NYT
Sunday, September 11,2022,35,5639,Reddit,NYT
Monday, September 12,2022,119,5134,Reddit,NYT
Tuesday, September 13,2022,15,4505,Reddit,NYT
Wednesday, September 14,2022,171,4356,Reddit,NYT
Thursday, September 15,2022,141,4497,Reddit,NYT
Friday, September 16,2022,124,5972,Reddit,NYT
Saturday, September 17,2022,76,5915,Reddit,NYT
Sunday, September 18,2022,145,5773,Reddit,NYT
Monday, September 19,2022,119,5894,Reddit,NYT
Tuesday, September 20,2022,131,5255,Reddit,NYT
Wednesday, September 21,2022,20,4033,Reddit,NYT
Thursday, September 22,2022,93,4925,Reddit,NYT
Friday, September 23,2022,152,5082,Reddit,NYT
Saturday, September 24,2022,56,4390,Reddit,NYT
Sunday, September 25,2022,31,4575,Reddit,NYT
Monday, September 26,2022,112,4491,Reddit,NYT
Tuesday, September 27,2022,56,5220,Reddit,NYT
Wednesday, September 28,2022,160,4993,Reddit,NYT
Thursday, September 29,2022,100,4752,Reddit,NYT
Friday, September 30,2022,132,4312,Reddit,NYT
Saturday, October 1,2022,24,5808,Reddit,NYT
Sunday, October 2,2022,186,5490,Reddit,NYT
Monday, October 3,2022,97,4786,Reddit,NYT
Tuesday, October 4,2022,92,5961,Reddit,NYT
Wednesday, October 5,2022,184,5759,Reddit,NYT
Thursday, October 6,2022,204,5843,Reddit,NYT
Friday, October 7,2022,101,5853,Reddit,NYT
Saturday, October 8,2022,200,4533,Reddit,NYT
Sunday, October 9,2022,119,5793,Reddit,NYT
Monday, October 10,2022,47,5592,Reddit,NYT
Tuesday, October 11,2022,29,5144,Reddit,NYT
Wednesday, October 12,2022,91,4774,Reddit,NYT
Thursday, October 13,2022,201,4945,Reddit,NYT
Friday, October 14,2022,117,4892,Reddit,NYT
Saturday, October 15,2022,187,5833,Reddit,NYT
Sunday, October 16,2022,39,5290,Reddit,NYT
Monday, October 17,2022,176,5340,Reddit,NYT
Tuesday, October 18,2022,185,4227,Reddit,NYT
Wednesday, October 19,2022,177,5962,Reddit,NYT
Thursday, October 20,2022,150,5749,Reddit,NYT
Friday, October 21,2022,71,4230,Reddit,NYT
Saturday, October 22,2022,36,4473,Reddit,NYT
Sunday, October 23,2022,173,5164,Reddit,NYT
Monday, October 24,2022,109,4666,Reddit,NYT
Tuesday, October 25,2022,149,5528,Reddit,NYT
Wednesday, October 26,2022,58,4609,Reddit,NYT
Thursday, October 27,2022,175,5038,Reddit,NYT
Friday, October 28,2022,165,4543,Reddit,NYT
Saturday, October 29,2022,86,4334,Reddit,NYT
Sunday, October 30,2022,61,5878,Reddit,NYT
Monday, October 31,2022,149,5612,Reddit,NYT
Tuesday, November 1,2022,107,4931,Reddit,NYT
Wednesday, November 2,2022,31,4701,Reddit,NYT
Thursday, November 3,2022,181,4175,Reddit,NYT
Friday, November 4,2022,89,4754,Reddit,NYT
Saturday, November 5,2022,153,4346,Reddit,NYT
Sunday, November 6,2022,29,5929,Reddit,NYT
Monday, November 7,2022,16,5440,Reddit,NYT
Tuesday, November 8,2022,96,4334,Reddit,NYT
Wednesday, November 9,2022,54,5267,Reddit,NYT
Thursday, November 10,2022,191,4809,Reddit,NYT
Friday, November 11,2022,164,4957,Reddit,NYT
Saturday, November 12,2022,40,5222,Reddit,NYT
Sunday, November 13,2022,92,4953,Reddit,NYT
Monday, November 14,2022,156,5078,Reddit,NYT
Tuesday, November 15,2022,92,5117,Reddit,NYT
Wednesday, November 16,2022,82,4209,Reddit,NYT
Thursday, November 17,2022,38,5040,Reddit,NYT
Friday, November 18,2022,161,4331,Reddit,NYT
Saturday, November 19,2022,1,5484,Reddit,NYT
Sunday, November 20,2022,111,5033,Reddit,NYT
Monday, November 21,2022,193,5714,Reddit,NYT
Tuesday, November 22,2022,199,4928,Reddit,NYT
Thursday, November 24,2022,40,NA,Reddit,NYT
Friday, November 25,2022,45,NA,Reddit,NYT
Sunday, November 27,2022,155,NA,Reddit,NYT
Tuesday, November 29,2022,46,5171,Reddit,NYT
Wednesday, November 30,2022,174,4730,Reddit,NYT
Thursday, December 1,2022,167,5501,Reddit,NYT
Friday, December 2,2022,191,5292,Reddit,NYT
Saturday, December 3,2022,101,4621,Reddit,NYT
Sunday, December 4,2022,6,4579,Reddit,NYT
Monday, December 5,2022,188,5480,Reddit,NYT
Tuesday, December 6,2022,150,4353,Reddit,NYT
Wednesday, December 7,2022,131,5715,Reddit,NYT
Thursday, December 8,2022,10,4881,Reddit,NYT
Friday, December 9,2022,139,5224,Reddit,NYT
Saturday, December 10,2022,75,5601,Reddit,NYT
Sunday, December 11,2022,88,5143,Reddit,NYT
Monday, December 12,2022,5,4488,Reddit,NYT
Tuesday, December 13,2022,3,4369,Reddit,NYT
Wednesday, December 14,2022,169,4322,Reddit,NYT
Thursday, December 15,2022,146,4674,Reddit,NYT
Friday, December 16,2022,78,5698,Reddit,NYT
Saturday, December 17,2022,186,4725,Reddit,NYT
Sunday, December 18,2022,108,5143,Reddit,NYT
Monday, December 19,2022,119,4167,Reddit,NYT
Tuesday, December 20,2022,88,4081,Reddit,NYT
Wednesday, December 21,2022,45,6010,Reddit,NYT
Thursday, December 22,2022,166,5699,Reddit,NYT
Friday, December 23,2022,98,4378,Reddit,NYT
Saturday, December 24,2022,200,4620,Reddit,NYT
Sunday, December 25,2022,83,4886,Reddit,NYT
Monday, December 26,2022,161,5494,Reddit,NYT
Tuesday, December 27,2022,119,5722,Reddit,NYT
Wednesday, December 28,2022,160,4697,Reddit,NYT
Thursday, December 29,2022,149,5340,Reddit,NYT
Saturday, January 1,2022,137,4644,Reddit,NYT
Friday, January 7,2022,157,4971,Reddit,NYT
Saturday, January 8,2022,201,5383,Reddit,NYT
Sunday, January 9,2022,161,6755,Reddit,NYT
Monday, January 10,2022,111,5955,Reddit,NYT
Saturday, July 16,2022,192,5964,Snapchat,NYT
Sunday, July 17,2022,185,5404,Snapchat,NYT
Monday, July 18,2022,136,4523,Snapchat,NYT
Tuesday, July 19,2022,88,5018,Snapchat,NYT
Wednesday, July 20,2022,100,5669,Snapchat,NYT
Thursday, July 21,2022,118,4764,Snapchat,NYT
Friday, July 22,2022,151,4485,Snapchat,NYT
Saturday, July 23,2022,145,5203,Snapchat,NYT
Sunday, July 24,2022,83,4630,Snapchat,NYT
Monday, July 25,2022,131,4815,Snapchat,NYT
Tuesday, July 26,2022,44,4117,Snapchat,NYT
Wednesday, July 27,2022,18,4150,Snapchat,NYT
Thursday, July 28,2022,126,5984,Snapchat,NYT
Friday, July 29,2022,76,5005,Snapchat,NYT
Saturday, July 30,2022,113,5982,Snapchat,NYT
Sunday, July 31,2022,91,5226,Snapchat,NYT
Monday, August 1,2022,58,NA,Snapchat,NYT
Tuesday, August 2,2022,35,NA,Snapchat,NYT
Wednesday, August 3,2022,89,NA,Snapchat,NYT
Thursday, August 4,2022,140,NA,Snapchat,NYT
Friday, August 5,2022,133,NA,Snapchat,NYT
Saturday, August 6,2022,103,NA,Snapchat,NYT
Sunday, August 7,2022,5,NA,Snapchat,NYT
Monday, August 8,2022,58,NA,Snapchat,NYT
Tuesday, August 9,2022,101,NA,Snapchat,NYT
Wednesday, August 10,2022,17,NA,Snapchat,NYT
Thursday, August 11,2022,181,NA,Snapchat,NYT
Friday, August 12,2022,38,NA,Snapchat,NYT
Saturday, August 13,2022,32,NA,Snapchat,NYT
Sunday, August 14,2022,3,NA,Snapchat,NYT
Monday, August 15,2022,152,NA,Snapchat,NYT
Tuesday, August 16,2022,76,NA,Snapchat,NYT
Wednesday, August 17,2022,195,5536,Snapchat,NYT
Thursday, August 18,2022,18,5626,Snapchat,NYT
Friday, August 19,2022,64,4812,Snapchat,NYT
Saturday, August 20,2022,114,4522,Snapchat,NYT
Sunday, August 21,2022,120,5605,Snapchat,NYT
Monday, August 22,2022,47,5734,Snapchat,NYT
Tuesday, August 23,2022,107,5302,Snapchat,NYT
Wednesday, August 24,2022,188,4773,Snapchat,NYT
Thursday, August 25,2022,129,5374,Snapchat,NYT
Friday, August 26,2022,11,4227,Snapchat,NYT
Saturday, August 27,2022,164,4561,Snapchat,NYT
Sunday, August 28,2022,135,4304,Snapchat,NYT
Monday, August 29,2022,46,5698,Snapchat,NYT
Tuesday, August 30,2022,71,4643,Snapchat,NYT
Wednesday, August 31,2022,8,4991,Snapchat,NYT
Thursday, September 1,2022,180,4499,Snapchat,NYT
Friday, September 2,2022,123,4553,Snapchat,NYT
Saturday, September 3,2022,146,4591,Snapchat,NYT
Sunday, September 4,2022,158,5296,Snapchat,NYT
Monday, September 5,2022,197,4796,Snapchat,NYT
Tuesday, September 6,2022,38,4114,Snapchat,NYT
Wednesday, September 7,2022,49,4129,Snapchat,NYT
Thursday, September 8,2022,177,5002,Snapchat,NYT
Friday, September 9,2022,154,4732,Snapchat,NYT
Saturday, September 10,2022,115,5412,Snapchat,NYT
Sunday, September 11,2022,152,5640,Snapchat,NYT
Monday, September 12,2022,133,5311,Snapchat,NYT
Tuesday, September 13,2022,61,4244,Snapchat,NYT
Wednesday, September 14,2022,155,4246,Snapchat,NYT
Thursday, September 15,2022,78,5663,Snapchat,NYT
Friday, September 16,2022,103,4881,Snapchat,NYT
Saturday, September 17,2022,71,4702,Snapchat,NYT
Sunday, September 18,2022,132,5807,Snapchat,NYT
Monday, September 19,2022,137,5184,Snapchat,NYT
Tuesday, September 20,2022,183,5192,Snapchat,NYT
Wednesday, September 21,2022,117,4460,Snapchat,NYT
Thursday, September 22,2022,149,5225,Snapchat,NYT
Friday, September 23,2022,56,5651,Snapchat,NYT
Saturday, September 24,2022,108,5750,Snapchat,NYT
Sunday, September 25,2022,120,5750,Snapchat,NYT
Monday, September 26,2022,22,5221,Snapchat,NYT
Tuesday, September 27,2022,122,4106,Snapchat,NYT
Wednesday, September 28,2022,131,5333,Snapchat,NYT
Thursday, September 29,2022,183,5993,Snapchat,NYT
Friday, September 30,2022,194,5172,Snapchat,NYT
Saturday, October 1,2022,55,4220,Snapchat,NYT
Sunday, October 2,2022,198,4730,Snapchat,NYT
Monday, October 3,2022,160,5711,Snapchat,NYT
Tuesday, October 4,2022,184,5523,Snapchat,NYT
Wednesday, October 5,2022,99,5910,Snapchat,NYT
Thursday, October 6,2022,87,5113,Snapchat,NYT
Friday, October 7,2022,199,4500,Snapchat,NYT
Saturday, October 8,2022,163,4132,Snapchat,NYT
Sunday, October 9,2022,179,5428,Snapchat,NYT
Monday, October 10,2022,44,4137,Snapchat,NYT
Tuesday, October 11,2022,170,5273,Snapchat,NYT
Wednesday, October 12,2022,26,5282,Snapchat,NYT
Thursday, October 13,2022,102,5280,Snapchat,NYT
Friday, October 14,2022,6,4202,Snapchat,NYT
Saturday, October 15,2022,130,4224,Snapchat,NYT
Sunday, October 16,2022,181,5616,Snapchat,NYT
Monday, October 17,2022,151,4757,Snapchat,NYT
Tuesday, October 18,2022,68,4722,Snapchat,NYT
Wednesday, October 19,2022,40,4798,Snapchat,NYT
Thursday, October 20,2022,32,5985,Snapchat,NYT
Friday, October 21,2022,1,5423,Snapchat,NYT
Saturday, October 22,2022,179,5164,Snapchat,NYT
Sunday, October 23,2022,75,4972,Snapchat,NYT
Monday, October 24,2022,159,6021,Snapchat,NYT
Tuesday, October 25,2022,20,4281,Snapchat,NYT
Wednesday, October 26,2022,197,5590,Snapchat,NYT
Thursday, October 27,2022,187,4632,Snapchat,NYT
Friday, October 28,2022,68,5143,Snapchat,NYT
Saturday, October 29,2022,84,4744,Snapchat,NYT
Sunday, October 30,2022,6,6002,Snapchat,NYT
Monday, October 31,2022,75,5346,Snapchat,NYT
Tuesday, November 1,2022,196,4441,Snapchat,NYT
Wednesday, November 2,2022,104,5851,Snapchat,NYT
Thursday, November 3,2022,30,4190,Snapchat,NYT
Friday, November 4,2022,30,5967,Snapchat,NYT
Saturday, November 5,2022,65,5148,Snapchat,NYT
Sunday, November 6,2022,89,5498,Snapchat,NYT
Monday, November 7,2022,142,4141,Snapchat,NYT
Tuesday, November 8,2022,169,4714,Snapchat,NYT
Wednesday, November 9,2022,132,4690,Snapchat,NYT
Thursday, November 10,2022,83,5611,Snapchat,NYT
Friday, November 11,2022,197,5669,Snapchat,NYT
Saturday, November 12,2022,11,4581,Snapchat,NYT
Sunday, November 13,2022,96,5157,Snapchat,NYT
Monday, November 14,2022,64,5158,Snapchat,NYT
Tuesday, November 15,2022,172,4606,Snapchat,NYT
Wednesday, November 16,2022,34,5839,Snapchat,NYT
Thursday, November 17,2022,130,5457,Snapchat,NYT
Friday, November 18,2022,7,4704,Snapchat,NYT
Saturday, November 19,2022,137,4105,Snapchat,NYT
Sunday, November 20,2022,48,4305,Snapchat,NYT
Monday, November 21,2022,111,4422,Snapchat,NYT
Tuesday, November 22,2022,159,5981,Snapchat,NYT
Wednesday, November 23,2022,61,4790,Snapchat,NYT
Thursday, November 24,2022,190,4961,Snapchat,NYT
Friday, November 25,2022,20,5933,Snapchat,NYT
Saturday, November 26,2022,68,4050,Snapchat,NYT
Sunday, November 27,2022,78,5646,Snapchat,NYT
Monday, November 28,2022,88,5676,Snapchat,NYT
Tuesday, November 29,2022,25,4654,Snapchat,NYT
Wednesday, November 30,2022,9,5782,Snapchat,NYT
Thursday, December 1,2022,192,5699,Snapchat,NYT
Friday, December 2,2022,193,5515,Snapchat,NYT
Saturday, December 3,2022,171,4071,Snapchat,NYT
Sunday, December 4,2022,15,5656,Snapchat,NYT
Monday, December 5,2022,103,5381,Snapchat,NYT
Tuesday, December 6,2022,161,5012,Snapchat,NYT
Wednesday, December 7,2022,87,5400,Snapchat,NYT
Thursday, December 8,2022,182,4974,Snapchat,NYT
Friday, December 9,2022,18,5653,Snapchat,NYT
Saturday, December 10,2022,69,5158,Snapchat,NYT
Sunday, December 11,2022,66,4789,Snapchat,NYT
Monday, December 12,2022,114,5076,Snapchat,NYT
Tuesday, December 13,2022,108,5050,Snapchat,NYT
Wednesday, December 14,2022,0,4092,Snapchat,NYT
Thursday, December 15,2022,28,5045,Snapchat,NYT
Friday, December 16,2022,196,4873,Snapchat,NYT
Saturday, December 17,2022,111,5088,Snapchat,NYT
Sunday, December 18,2022,179,4173,Snapchat,NYT
Monday, December 19,2022,156,4921,Snapchat,NYT
Tuesday, December 20,2022,80,4070,Snapchat,NYT
Wednesday, December 21,2022,135,5413,Snapchat,NYT
Thursday, December 22,2022,191,5759,Snapchat,NYT
Friday, December 23,2022,160,4948,Snapchat,NYT
Saturday, December 24,2022,51,4462,Snapchat,NYT
Sunday, December 25,2022,55,5521,Snapchat,NYT
Monday, December 26,2022,8,5702,Snapchat,NYT
Tuesday, December 27,2022,145,4661,Snapchat,NYT
Wednesday, December 28,2022,75,5787,Snapchat,NYT
Thursday, December 29,2022,103,4235,Snapchat,NYT
Friday, December 30,2022,185,4967,Snapchat,NYT
Saturday, December 31,2022,46,5931,Snapchat,NYT
Saturday, January 1,2022,22,4567,Snapchat,NYT
Sunday, January 2,2022,55,4270,Snapchat,NYT
Monday, January 3,2022,197,4161,Snapchat,NYT
Tuesday, January 4,2022,112,4564,Snapchat,NYT
Wednesday, January 5,2022,6,4434,Snapchat,NYT
Thursday, January 6,2022,58,4249,Snapchat,NYT
Friday, January 7,2022,99,5691,Snapchat,NYT
Saturday, January 8,2022,194,4127,Snapchat,NYT
Sunday, January 9,2022,50,5382,Snapchat,NYT
Monday, January 10,2022,148,4482,Snapchat,NYT
